{
  "Login (post)" : {
    "transaction" : "Login (post)",
    "sampleCount" : 1100,
    "errorCount" : 0,
    "errorPct" : 0.0,
    "meanResTime" : 608.962727272728,
    "medianResTime" : 545.0,
    "minResTime" : 345.0,
    "maxResTime" : 1908.0,
    "pct1ResTime" : 922.9,
    "pct2ResTime" : 1034.6500000000003,
    "pct3ResTime" : 1318.96,
    "throughput" : 18.254837531945967,
    "receivedKBytesPerSec" : 16.162888900643896,
    "sentKBytesPerSec" : 19.78666214444555
  },
  "homepage and login/chart/data-166" : {
    "transaction" : "homepage and login/chart/data-166",
    "sampleCount" : 1100,
    "errorCount" : 0,
    "errorPct" : 0.0,
    "meanResTime" : 436.7881818181811,
    "medianResTime" : 402.5,
    "minResTime" : 286.0,
    "maxResTime" : 1831.0,
    "pct1ResTime" : 579.8,
    "pct2ResTime" : 624.95,
    "pct3ResTime" : 1001.0200000000009,
    "throughput" : 18.318068276436303,
    "receivedKBytesPerSec" : 18.07953007910075,
    "sentKBytesPerSec" : 19.028901696502913
  },
  "Total" : {
    "transaction" : "Total",
    "sampleCount" : 4400,
    "errorCount" : 0,
    "errorPct" : 0.0,
    "meanResTime" : 547.8524999999996,
    "medianResTime" : 531.0,
    "minResTime" : 286.0,
    "maxResTime" : 3506.0,
    "pct1ResTime" : 730.0,
    "pct2ResTime" : 883.8499999999995,
    "pct3ResTime" : 1460.769999999995,
    "throughput" : 71.06516999111685,
    "receivedKBytesPerSec" : 228.42057912056853,
    "sentKBytesPerSec" : 59.6717778405879
  },
  "home page " : {
    "transaction" : "home page ",
    "sampleCount" : 1100,
    "errorCount" : 0,
    "errorPct" : 0.0,
    "meanResTime" : 494.2936363636368,
    "medianResTime" : 446.5,
    "minResTime" : 306.0,
    "maxResTime" : 1777.0,
    "pct1ResTime" : 673.0,
    "pct2ResTime" : 758.7500000000002,
    "pct3ResTime" : 1356.94,
    "throughput" : 18.278801575300353,
    "receivedKBytesPerSec" : 150.78148367786105,
    "sentKBytesPerSec" : 16.32690987512255
  },
  "login Page" : {
    "transaction" : "login Page",
    "sampleCount" : 1100,
    "errorCount" : 0,
    "errorPct" : 0.0,
    "meanResTime" : 651.3654545454543,
    "medianResTime" : 597.0,
    "minResTime" : 509.0,
    "maxResTime" : 3506.0,
    "pct1ResTime" : 716.9,
    "pct2ResTime" : 867.9000000000001,
    "pct3ResTime" : 1929.8200000000002,
    "throughput" : 18.071002612081287,
    "receivedKBytesPerSec" : 49.4350693988106,
    "sentKBytesPerSec" : 6.194259684414582
  }
}