{
  "Login (post)" : {
    "transaction" : "Login (post)",
    "sampleCount" : 1300,
    "errorCount" : 18,
    "errorPct" : 1.3846154,
    "meanResTime" : 4312.704615384612,
    "medianResTime" : 3798.0,
    "minResTime" : 365.0,
    "maxResTime" : 20315.0,
    "pct1ResTime" : 7793.000000000001,
    "pct2ResTime" : 8946.400000000001,
    "pct3ResTime" : 18752.830000000027,
    "throughput" : 15.406494429959707,
    "receivedKBytesPerSec" : 13.746384473512682,
    "sentKBytesPerSec" : 16.517331380362645
  },
  "homepage and login/chart/data-166" : {
    "transaction" : "homepage and login/chart/data-166",
    "sampleCount" : 1300,
    "errorCount" : 28,
    "errorPct" : 2.1538463,
    "meanResTime" : 2615.6053846153823,
    "medianResTime" : 2312.0,
    "minResTime" : 289.0,
    "maxResTime" : 20929.0,
    "pct1ResTime" : 4491.400000000001,
    "pct2ResTime" : 5208.650000000001,
    "pct3ResTime" : 15398.950000000023,
    "throughput" : 12.406711076329904,
    "receivedKBytesPerSec" : 12.30388412072207,
    "sentKBytesPerSec" : 12.769844101921132
  },
  "Total" : {
    "transaction" : "Total",
    "sampleCount" : 5222,
    "errorCount" : 86,
    "errorPct" : 1.6468786,
    "meanResTime" : 3110.185369590202,
    "medianResTime" : 2501.0,
    "minResTime" : 289.0,
    "maxResTime" : 21029.0,
    "pct1ResTime" : 5766.0,
    "pct2ResTime" : 7474.949999999996,
    "pct3ResTime" : 20257.0,
    "throughput" : 48.96573711156536,
    "receivedKBytesPerSec" : 155.69768351602497,
    "sentKBytesPerSec" : 40.68334321317724
  },
  "home page " : {
    "transaction" : "home page ",
    "sampleCount" : 1300,
    "errorCount" : 24,
    "errorPct" : 1.8461539,
    "meanResTime" : 3103.3869230769205,
    "medianResTime" : 2550.5,
    "minResTime" : 310.0,
    "maxResTime" : 20857.0,
    "pct1ResTime" : 5132.1,
    "pct2ResTime" : 6128.75,
    "pct3ResTime" : 20279.95,
    "throughput" : 12.419867967249765,
    "receivedKBytesPerSec" : 101.03468360087798,
    "sentKBytesPerSec" : 10.981161732356622
  },
  "home page -0" : {
    "transaction" : "home page -0",
    "sampleCount" : 11,
    "errorCount" : 0,
    "errorPct" : 0.0,
    "meanResTime" : 1219.4545454545455,
    "medianResTime" : 591.0,
    "minResTime" : 516.0,
    "maxResTime" : 3802.0,
    "pct1ResTime" : 3660.2000000000007,
    "pct2ResTime" : 3802.0,
    "pct3ResTime" : 3802.0,
    "throughput" : 0.3346822040344418,
    "receivedKBytesPerSec" : 0.4075373855234734,
    "sentKBytesPerSec" : 0.2915395761706271
  },
  "login Page" : {
    "transaction" : "login Page",
    "sampleCount" : 1300,
    "errorCount" : 8,
    "errorPct" : 0.61538464,
    "meanResTime" : 2322.921538461538,
    "medianResTime" : 2014.0,
    "minResTime" : 511.0,
    "maxResTime" : 21029.0,
    "pct1ResTime" : 3583.8,
    "pct2ResTime" : 4392.750000000004,
    "pct3ResTime" : 14126.910000000007,
    "throughput" : 16.64213019266466,
    "receivedKBytesPerSec" : 45.29446019090444,
    "sentKBytesPerSec" : 5.700092111790309
  },
  "home page -1" : {
    "transaction" : "home page -1",
    "sampleCount" : 11,
    "errorCount" : 8,
    "errorPct" : 72.72727,
    "meanResTime" : 15179.090909090908,
    "medianResTime" : 20253.0,
    "minResTime" : 860.0,
    "maxResTime" : 20269.0,
    "pct1ResTime" : 20268.2,
    "pct2ResTime" : 20269.0,
    "pct3ResTime" : 20269.0,
    "throughput" : 0.22300160155695664,
    "receivedKBytesPerSec" : 0.576094069931275,
    "sentKBytesPerSec" : 0.05432496401565066
  }
}