{
  "Login (post)" : {
    "transaction" : "Login (post)",
    "sampleCount" : 1000,
    "errorCount" : 0,
    "errorPct" : 0.0,
    "meanResTime" : 538.4400000000005,
    "medianResTime" : 437.5,
    "minResTime" : 335.0,
    "maxResTime" : 6128.0,
    "pct1ResTime" : 920.1999999999998,
    "pct2ResTime" : 1079.85,
    "pct3ResTime" : 1714.8700000000001,
    "throughput" : 16.444122870486087,
    "receivedKBytesPerSec" : 14.558669290189437,
    "sentKBytesPerSec" : 17.821703570019075
  },
  "homepage and login/chart/data-166" : {
    "transaction" : "homepage and login/chart/data-166",
    "sampleCount" : 1000,
    "errorCount" : 0,
    "errorPct" : 0.0,
    "meanResTime" : 428.8410000000001,
    "medianResTime" : 349.5,
    "minResTime" : 278.0,
    "maxResTime" : 11470.0,
    "pct1ResTime" : 558.9,
    "pct2ResTime" : 958.9499999999999,
    "pct3ResTime" : 1217.99,
    "throughput" : 16.272068993572535,
    "receivedKBytesPerSec" : 16.063455984053373,
    "sentKBytesPerSec" : 16.899369965828654
  },
  "Total" : {
    "transaction" : "Total",
    "sampleCount" : 4000,
    "errorCount" : 0,
    "errorPct" : 0.0,
    "meanResTime" : 633.6912499999996,
    "medianResTime" : 505.0,
    "minResTime" : 278.0,
    "maxResTime" : 11470.0,
    "pct1ResTime" : 1096.9,
    "pct2ResTime" : 1600.8999999999996,
    "pct3ResTime" : 2792.7099999999937,
    "throughput" : 62.682170056727365,
    "receivedKBytesPerSec" : 201.44828255751088,
    "sentKBytesPerSec" : 52.62563000477952
  },
  "home page " : {
    "transaction" : "home page ",
    "sampleCount" : 1000,
    "errorCount" : 0,
    "errorPct" : 0.0,
    "meanResTime" : 741.7719999999995,
    "medianResTime" : 576.0,
    "minResTime" : 292.0,
    "maxResTime" : 6230.0,
    "pct1ResTime" : 1521.7999999999997,
    "pct2ResTime" : 1972.6999999999996,
    "pct3ResTime" : 3263.370000000001,
    "throughput" : 16.226127310194876,
    "receivedKBytesPerSec" : 133.8204372383537,
    "sentKBytesPerSec" : 14.49243532874134
  },
  "login Page" : {
    "transaction" : "login Page",
    "sampleCount" : 1000,
    "errorCount" : 0,
    "errorPct" : 0.0,
    "meanResTime" : 825.7119999999998,
    "medianResTime" : 592.0,
    "minResTime" : 495.0,
    "maxResTime" : 6339.0,
    "pct1ResTime" : 1579.6,
    "pct2ResTime" : 1849.85,
    "pct3ResTime" : 3238.76,
    "throughput" : 16.25725479995448,
    "receivedKBytesPerSec" : 44.47138710454227,
    "sentKBytesPerSec" : 5.572555112093772
  }
}