{
  "Login (post)" : {
    "transaction" : "Login (post)",
    "sampleCount" : 1200,
    "errorCount" : 0,
    "errorPct" : 0.0,
    "meanResTime" : 2835.861666666666,
    "medianResTime" : 2830.5,
    "minResTime" : 372.0,
    "maxResTime" : 11916.0,
    "pct1ResTime" : 4960.700000000001,
    "pct2ResTime" : 5582.450000000002,
    "pct3ResTime" : 6632.91,
    "throughput" : 18.616773713115517,
    "receivedKBytesPerSec" : 16.484753153216047,
    "sentKBytesPerSec" : 20.175716406419685
  },
  "homepage and login/chart/data-166" : {
    "transaction" : "homepage and login/chart/data-166",
    "sampleCount" : 1200,
    "errorCount" : 0,
    "errorPct" : 0.0,
    "meanResTime" : 1423.9999999999993,
    "medianResTime" : 1283.0,
    "minResTime" : 325.0,
    "maxResTime" : 10180.0,
    "pct1ResTime" : 2401.0,
    "pct2ResTime" : 2819.000000000001,
    "pct3ResTime" : 4188.83,
    "throughput" : 18.458982602408895,
    "receivedKBytesPerSec" : 18.217219202341216,
    "sentKBytesPerSec" : 19.176190988939993
  },
  "Total" : {
    "transaction" : "Total",
    "sampleCount" : 4800,
    "errorCount" : 0,
    "errorPct" : 0.0,
    "meanResTime" : 1812.7549999999983,
    "medianResTime" : 1430.0,
    "minResTime" : 325.0,
    "maxResTime" : 11916.0,
    "pct1ResTime" : 3513.0,
    "pct2ResTime" : 4444.449999999998,
    "pct3ResTime" : 6312.849999999997,
    "throughput" : 71.8186578888307,
    "receivedKBytesPerSec" : 230.84026310129425,
    "sentKBytesPerSec" : 60.30356358008529
  },
  "home page " : {
    "transaction" : "home page ",
    "sampleCount" : 1200,
    "errorCount" : 0,
    "errorPct" : 0.0,
    "meanResTime" : 1781.4783333333344,
    "medianResTime" : 1667.5,
    "minResTime" : 343.0,
    "maxResTime" : 11441.0,
    "pct1ResTime" : 2951.000000000001,
    "pct2ResTime" : 3476.050000000002,
    "pct3ResTime" : 5447.870000000009,
    "throughput" : 18.464095028542413,
    "receivedKBytesPerSec" : 152.3106775120786,
    "sentKBytesPerSec" : 16.493810200643168
  },
  "login Page" : {
    "transaction" : "login Page",
    "sampleCount" : 1200,
    "errorCount" : 0,
    "errorPct" : 0.0,
    "meanResTime" : 1209.6800000000007,
    "medianResTime" : 1018.5,
    "minResTime" : 533.0,
    "maxResTime" : 10123.0,
    "pct1ResTime" : 1784.800000000001,
    "pct2ResTime" : 2159.75,
    "pct3ResTime" : 5978.02,
    "throughput" : 18.822938888191743,
    "receivedKBytesPerSec" : 51.489024976667395,
    "sentKBytesPerSec" : 6.452003466557912
  }
}